{
  "Author": "Piissii",
  "Compatibility": "Compatible",
  "DefuserDifficulty": "Medium",
  "Description": "Find out the vertex which has the unique color by observing the hypercube. Tags: icosahedrons, black-background",
  "ExpertDifficulty": "VeryHard",
  "ModuleID": "hypercolor",
  "Name": "The Hypercolor",
  "Origin": "Mods",
  "Published": "2021-07-04",
  "SortKey": "HYPERCOLOR",
  "SourceUrl": "https://github.com/PIISSI/Hypercolor",
  "SteamID": "2536909272",
  "Symbol": "Hclr",
  "Type": "Regular"
}